name,city,lat,lng,unit,cadre,date,start,end,hours,rate,urgency
Agege General Hospital,"Agege, Lagos",6.634995,3.3034866,Accident & Emergency,RM,2026-07-29,19:00,07:00,12,6637,normal
"Chygor-Cole Specialist Hospital, Abule-Egba","Agege, Lagos",6.6594032,3.3001849,Labour Ward,RN,2026-07-30,08:00,16:00,8,6774,normal
Isolo Ejigbo Comprehensive Health Centre,"Agege, Lagos",6.5286414,3.3208427,General Medicine,RN,2026-07-31,07:00,19:00,12,6911,urgent
Ajeromi General Hospital,"Ajeromi-Ifelodun, Lagos",6.45523,3.3329244,Paediatrics,RM,2026-08-01,19:00,07:00,12,7048,normal
"Trinity Specialist Hospital, Ajegunle","Ajeromi-Ifelodun, Lagos",6.459742,3.3359972,Theatre,RN,2026-08-02,08:00,16:00,8,7185,normal
Ajegunle Comprehensive Health Centre,"Ajeromi-Ifelodun, Lagos",6.4562764,3.3453815,Renal/Dialysis,RN,2026-08-03,07:00,19:00,12,7322,urgent
"Alimosho General Hospital, Igando","Alimosho, Lagos",6.5613452,3.2513195,Psychiatry,RM,2026-08-04,19:00,07:00,12,7459,normal
"Krown Hospital, Egbeda","Alimosho, Lagos",6.6123547,3.3017829,NICU,RN,2026-07-28,08:00,16:00,8,7596,normal
"Mercy Stripes Specialist Hospital, Shasha","Alimosho, Lagos",6.5745265,3.3036635,Oncology,RN,2026-07-29,07:00,19:00,12,7733,urgent
"Amuwo-Odofin General Hospital, Festac","Amuwo-Odofin, Lagos",6.4611632,3.3013878,ICU,RM,2026-07-30,19:00,07:00,12,7870,normal
Trade Fair General Hospital,"Amuwo-Odofin, Lagos",6.4596142,3.2479141,Accident & Emergency,RN,2026-07-31,08:00,16:00,8,8007,normal
Festac Links Hospital,"Amuwo-Odofin, Lagos",6.4696481,3.2835146,Labour Ward,RN,2026-08-01,07:00,19:00,12,8144,urgent
Apapa General Hospital,"Apapa, Lagos",6.4419041,3.3688009,General Medicine,RM,2026-08-02,19:00,07:00,12,8281,normal
"Lagoon Hospitals, Apapa","Apapa, Lagos",6.4408366,3.3588687,Paediatrics,RN,2026-08-03,08:00,16:00,8,8418,normal
"Malu Road Health Centre, Apapa","Apapa, Lagos",6.4603276,3.3514559,Theatre,RN,2026-08-04,07:00,19:00,12,8555,urgent
Badagry General Hospital,"Badagry, Lagos",6.4136764,2.8972858,Renal/Dialysis,RM,2026-07-28,19:00,07:00,12,8692,normal
"Adebayo Living Tower Hospital, Badagry","Badagry, Lagos",6.435701,2.9836644,Psychiatry,RN,2026-07-29,08:00,16:00,8,8829,normal
"Badagry Cottage Hospital, Topo","Badagry, Lagos",6.4136764,2.8972858,NICU,RN,2026-07-30,07:00,19:00,12,8966,urgent
Epe General Hospital,"Epe, Lagos",6.5864412,3.9704396,Oncology,RM,2026-07-31,19:00,07:00,12,9103,normal
Epe Comprehensive Health Centre,"Epe, Lagos",6.5864853,3.9706656,ICU,RN,2026-08-01,08:00,16:00,8,9240,normal
Epe Cottage Hospital,"Epe, Lagos",6.5906014,3.9781451,Accident & Emergency,RN,2026-08-02,07:00,19:00,12,9377,urgent
"Reddington Hospital, Victoria Island","Eti-Osa, Lagos",6.4329137,3.4203581,Labour Ward,RM,2026-08-03,19:00,07:00,12,9514,normal
"Vedic Lifecare Hospital, Lekki Phase 1","Eti-Osa, Lagos",6.432157,3.4720166,General Medicine,RN,2026-08-04,08:00,16:00,8,9651,normal
"Ave Maria Hospital, Lekki","Eti-Osa, Lagos",6.4312816,3.4472163,Paediatrics,RN,2026-07-28,07:00,19:00,12,9788,urgent
Ibeju-Lekki General Hospital,"Ibeju-Lekki, Lagos",6.4870134,3.8909286,Theatre,RM,2026-07-29,19:00,07:00,12,9925,normal
"Etta Atlantic Memorial Hospital, Ikate","Ibeju-Lekki, Lagos",6.4385907,3.4897678,Renal/Dialysis,RN,2026-07-30,08:00,16:00,8,10062,normal
Ifako-Ijaiye General Hospital,"Ifako-Ijaiye, Lagos",6.6436077,3.3252496,Psychiatry,RN,2026-07-31,07:00,19:00,12,10199,urgent
"Holy Trinity Hospital, Iju","Ifako-Ijaiye, Lagos",6.6004575,3.3441203,NICU,RM,2026-08-01,19:00,07:00,12,10336,normal
Lagos State University Teaching Hospital (LASUTH),"Ikeja, Lagos",6.5904312,3.3422622,Oncology,RN,2026-08-02,08:00,16:00,8,10473,normal
"Eko Hospital, Ikeja","Ikeja, Lagos",6.5878132,3.3576179,ICU,RN,2026-08-03,07:00,19:00,12,10610,urgent
"Duchess International Hospital, Ikeja","Ikeja, Lagos",6.5855929,3.3523697,Accident & Emergency,RM,2026-08-04,19:00,07:00,12,10747,normal
Ikorodu General Hospital,"Ikorodu, Lagos",6.608729,3.4993661,Labour Ward,RN,2026-07-28,08:00,16:00,8,10884,normal
Ikorodu Comprehensive Health Centre,"Ikorodu, Lagos",6.6228702,3.5016479,General Medicine,RN,2026-07-29,07:00,19:00,12,6521,urgent
Gbagada General Hospital,"Kosofe, Lagos",6.552517,3.3871859,Paediatrics,RM,2026-07-30,19:00,07:00,12,6658,normal
"Isheri General Hospital, Ketu","Kosofe, Lagos",6.5945986,3.3899344,Theatre,RN,2026-07-31,08:00,16:00,8,6795,normal
Lagos Island General Hospital,"Lagos Island, Lagos",6.4475284,3.39714,Renal/Dialysis,RN,2026-08-01,07:00,19:00,12,6932,urgent
Massey Street Childrens Hospital,"Lagos Island, Lagos",6.4550034,3.3921639,Psychiatry,RM,2026-08-02,19:00,07:00,12,7069,normal
"St. Nicholas Hospital, Lagos Island","Lagos Island, Lagos",6.4491937,3.397623,NICU,RN,2026-08-03,08:00,16:00,8,7206,normal
"Federal Medical Centre, Ebute-Metta","Lagos Mainland, Lagos",6.4843875,3.3803294,Oncology,RN,2026-08-04,07:00,19:00,12,7343,urgent
Lagos University Teaching Hospital (LUTH),"Lagos Mainland, Lagos",6.5176223,3.3537453,ICU,RM,2026-07-28,19:00,07:00,12,7480,normal
Mushin General Hospital,"Mushin, Lagos",6.5312383,3.3462853,Accident & Emergency,RN,2026-07-29,08:00,16:00,8,7617,normal
"Maryland Specialist Hospital, Mushin","Mushin, Lagos",6.564862,3.3684482,Labour Ward,RN,2026-07-30,07:00,19:00,12,7754,urgent
"Nigerian Navy Reference Hospital, Ojo","Ojo, Lagos",6.452147,3.2831993,General Medicine,RM,2026-07-31,19:00,07:00,12,7891,normal
Ojo General Hospital,"Ojo, Lagos",6.462615,3.206375,Paediatrics,RN,2026-08-01,08:00,16:00,8,8028,normal
Isolo General Hospital,"Oshodi-Isolo, Lagos",6.5265246,3.3181938,Theatre,RN,2026-08-02,07:00,19:00,12,8165,urgent
"Wind of Grace Hospital, Okota","Oshodi-Isolo, Lagos",6.5062828,3.3020596,Renal/Dialysis,RM,2026-08-03,19:00,07:00,12,8302,normal
"National Orthopaedic Hospital, Igbobi","Somolu, Lagos",6.5309682,3.3712379,Psychiatry,RN,2026-08-04,08:00,16:00,8,8439,normal
Somolu General Hospital,"Somolu, Lagos",6.5363929,3.3721479,NICU,RN,2026-07-28,07:00,19:00,12,8576,urgent
"Randle General Hospital, Surulere","Surulere, Lagos",6.5083278,3.3574615,Oncology,RM,2026-07-29,19:00,07:00,12,8713,normal
"Avon Medical Practice, Surulere","Surulere, Lagos",6.4900606,3.3517906,ICU,RN,2026-07-30,08:00,16:00,8,8850,normal
"Federal Medical Centre, Abeokuta","Abeokuta North, Ogun",7.1434328,3.3779479,Accident & Emergency,RN,2026-07-31,07:00,19:00,12,8987,urgent
"Federal Neuro-Psychiatric Hospital, Aro","Abeokuta South, Ogun",7.1635658,3.3606108,Labour Ward,RM,2026-08-01,19:00,07:00,12,9124,normal
"State Hospital, Ota","Ado-Odo/Ota, Ogun",6.6826263,3.2090633,General Medicine,RN,2026-08-02,08:00,16:00,8,9261,normal
"General Hospital, Ayetoro","Yewa North, Ogun",7.2324012,3.0114508,Paediatrics,RN,2026-08-03,07:00,19:00,12,9398,urgent
"General Hospital, Ilaro","Yewa South, Ogun",6.9080041,3.0229438,Theatre,RM,2026-08-04,19:00,07:00,12,9535,normal
"General Hospital, Itori","Ewekoro, Ogun",6.9337134,3.2192469,Renal/Dialysis,RN,2026-07-28,08:00,16:00,8,9672,normal
"General Hospital, Ifo","Ifo, Ogun",6.8326617,3.1921398,Psychiatry,RN,2026-07-29,07:00,19:00,12,9809,urgent
"General Hospital, Ogbere","Ijebu East, Ogun",6.7431461,4.1588763,NICU,RM,2026-07-30,19:00,07:00,12,9946,normal
"General Hospital, Ijebu-Igbo","Ijebu North, Ogun",6.9870416,4.0034911,Oncology,RN,2026-07-31,08:00,16:00,8,10083,normal
"General Hospital, Atan","Ijebu North East, Ogun",6.89392,4.0061259,ICU,RN,2026-08-01,07:00,19:00,12,10220,urgent
"State Hospital, Ijebu-Ode","Ijebu Ode, Ogun",6.8138575,3.9245188,Accident & Emergency,RM,2026-08-02,19:00,07:00,12,10357,normal
"Dideolu Specialist Hospital, Ikenne","Ikenne, Ogun",6.8695016,3.7079407,Labour Ward,RN,2026-08-03,08:00,16:00,8,10494,normal
"General Hospital, Imeko","Imeko Afon, Ogun",7.4566921,2.8327721,General Medicine,RN,2026-08-04,07:00,19:00,12,10631,urgent
"General Hospital, Ipokia","Ipokia, Ogun",6.5176,2.8464,Paediatrics,RM,2026-07-28,19:00,07:00,12,10768,normal
"General Hospital, Owode-Egba","Obafemi Owode, Ogun",6.9413826,3.5097655,Theatre,RN,2026-07-29,08:00,16:00,8,10905,normal
"General Hospital, Odeda","Odeda, Ogun",7.2354498,3.5265667,Renal/Dialysis,RN,2026-07-30,07:00,19:00,12,6542,urgent
"General Hospital, Odogbolu","Odogbolu, Ogun",6.8365,3.7641,Psychiatry,RM,2026-07-31,19:00,07:00,12,6679,normal
"General Hospital, Abigi","Ogun Waterside, Ogun",6.5409436,4.3368075,NICU,RN,2026-08-01,08:00,16:00,8,6816,normal
"General Hospital, Iperu","Remo North, Ogun",6.9239627,3.6617211,Oncology,RN,2026-08-02,07:00,19:00,12,6953,urgent
"Olabisi Onabanjo University Teaching Hospital (OOUTH), Sagamu","Sagamu, Ogun",6.8490444,3.6530228,ICU,RM,2026-08-03,19:00,07:00,12,7090,normal
